{
  "source": "cloud cron 0ed8b413",
  "evaluated_at": "2026-07-18T21:21:11+00:00",
  "model": "nvidia/nemotron-3-super-120b-a12b",
  "avg_reward": 0.16666666666666666,
  "avg_metrics": {
    "decision_quality": 0.16666666666666666,
    "valid_json_rate_pct": 22.22222222222222,
    "avoided_platform_violation_pct": 0.0
  },
  "num_examples": 15,
  "rollouts_per_example": 3,
  "rollout_count": 45,
  "eval_seconds": 356.0899851322174,
  "error_rate_pct": 75.55555555555556
}
